#{"t_start": 1723638303.923469, "env_id": "PhyRMSA-v0"}
r,l,t,episode_service_blocking_rate,service_blocking_rate,episode_bit_rate_blocking_rate,number_cuts_total,rss_total_metric,C_BVTs,L_BVTs,S_BVTs,total_path_length,num_moves,num_defrag_cycle,avrage_gsnr,average_mod_level,average_path_index,path_index,physical_paths
89.0,89,27.730006,0.0,0.0,0.0,1.1828358208955223,0.9352455019170878,0.6111111111111112,0.06666666666666667,0.0,2155.3571428571427,58,8,15.18454026179928,4.056603773584905,1.369047619047619,115,83
89.0,89,66.736115,0.0,0.0,0.0,1.2723880597014925,0.9230598705787054,0.441340782122905,0.03910614525139665,0.0,2360.8695652173915,84,8,14.247380761665616,3.806122448979592,1.5217391304347827,105,68
89.0,89,89.634228,0.0,0.0,0.0,1.4029850746268657,0.9123068961834092,0.31716417910447764,0.048507462686567165,0.0,2347.8260869565215,97,9,14.460268741233351,3.913978494623656,1.565217391304348,108,68
89.0,89,112.05342,0.0,0.0,0.0,1.2985074626865671,0.9207031001842334,0.21568627450980393,0.04481792717086835,0.0,2144.776119402985,99,9,14.989652861839122,4.010526315789473,1.462686567164179,98,66
89.0,89,133.393817,0.0,0.0,0.0,1.208955223880597,0.9297344932645338,0.13901345291479822,0.033632286995515695,0.0,2473.728813559322,98,9,13.602111165740064,3.5697674418604652,1.6610169491525424,98,58
