#{"t_start": 1723474417.52836, "env_id": "PhyRMSA-v0"}
r,l,t,episode_service_blocking_rate,service_blocking_rate,episode_bit_rate_blocking_rate,number_cuts_total,rss_total_metric,C_BVTs,L_BVTs,S_BVTs,total_path_length
495.0,499,4.53348,0.008016032064128256,0.008016032064128256,0.009079903147699757,3.9,0.6181892663467496,0.06854838709677419,0.0625,0.2842741935483871,2287.6
