#{"t_start": 1723474411.11148, "env_id": "PhyRMSA-v0"}
r,l,t,episode_service_blocking_rate,service_blocking_rate,episode_bit_rate_blocking_rate,number_cuts_total,rss_total_metric,C_BVTs,L_BVTs,S_BVTs,total_path_length
491.0,499,2.653174,0.01603206412825651,0.01603206412825651,0.020581113801452784,5.833333333333333,0.4742369638659485,0.10975609756097561,0.044715447154471545,0.1483739837398374,2136.1788617886177
