#{"t_start": 1723474408.770613, "env_id": "PhyRMSA-v0"}
r,l,t,episode_service_blocking_rate,service_blocking_rate,episode_bit_rate_blocking_rate,number_cuts_total,rss_total_metric,C_BVTs,L_BVTs,S_BVTs,total_path_length
488.0,499,2.333163,0.022044088176352707,0.022044088176352707,0.02602905569007264,5.433333333333334,0.49640200035743337,0.10633946830265849,0.05112474437627812,0.1574642126789366,2123.108108108108
