#{"t_start": 1723036787.7746649, "env_id": "PhyRMSA-v0"}
r,l,t,episode_service_blocking_rate,service_blocking_rate,episode_bit_rate_blocking_rate,number_cuts_total,rss_total_metric,C_BVTs,L_BVTs,S_BVTs,total_path_length
995.0,999,7.158264,0.004004004004004004,0.004004004004004004,0.0046168051708217915,3.466666666666667,0.6835549089156182,0.045180722891566265,0.02610441767068273,0.23493975903614459,2235.1331360946747
