#{"t_start": 1712236992.215635, "env_id": "PhyRMSA-v0"}
r,l,t,episode_service_blocking_rate,service_blocking_rate,episode_bit_rate_blocking_rate,number_cuts_total,rss_total_metric,C_BVTs,L_BVTs,S_BVTs,total_path_length,num_moves,num_defrag_cycle,avrage_gsnr,average_mod_level
204.0,204,9.112082,0.0,0.0,0.0,1.9253731343283582,0.8286847461532397,0.7853658536585366,0.0,0.0,913.9423076923077,0,0,19.888894365115217,5.445714285714286
204.0,204,20.470299,0.0,0.0,0.0,2.462686567164179,0.7644904566807619,0.5770171149144254,0.07334963325183375,0.0,907.8130081300814,0,0,19.56471926443142,5.35
204.0,204,31.114585,0.0,0.0,0.0,2.8955223880597014,0.7057576640172603,0.433931484502447,0.12561174551386622,0.0,865.7699115044247,0,0,19.225061752213747,5.223076923076923
204.0,204,58.041157,0.0,0.0,0.0,3.3059701492537314,0.652207597952169,0.35006119951040393,0.11627906976744186,0.01835985312117503,901.6902654867257,0,0,18.256312984845643,4.9
204.0,204,69.658035,0.0,0.0,0.0,3.574626865671642,0.6198077581379451,0.2850146914789422,0.10675808031341821,0.03721841332027424,928.4077669902913,0,0,18.41801242765043,4.879032258064516
204.0,204,85.780772,0.0,0.0,0.0,4.369402985074627,0.522104654703776,0.2530612244897959,0.10530612244897959,0.09387755102040816,987.8083333333333,0,0,15.638960435143353,4.098837209302325
203.0,204,99.311785,0.004901960784313725,0.0007002801120448179,0.008504606661941885,4.522388059701493,0.5053981299695359,0.22268907563025211,0.09033613445378151,0.10854341736694678,933.9107142857143,0,0,17.59177160758625,4.6689655172413795
196.0,204,113.922962,0.0392156862745098,0.0055147058823529415,0.053654743390357695,4.608208955223881,0.4972108703475637,0.20381773399014777,0.08928571428571429,0.10344827586206896,902.17,0,0,17.648178725817974,4.705426356589148
