#{"t_start": 1723638291.919183, "env_id": "PhyRMSA-v0"}
r,l,t,episode_service_blocking_rate,service_blocking_rate,episode_bit_rate_blocking_rate,number_cuts_total,rss_total_metric,C_BVTs,L_BVTs,S_BVTs,total_path_length,num_moves,num_defrag_cycle,avrage_gsnr,average_mod_level,average_path_index,path_index,physical_paths
89.0,89,17.845287,0.0,0.0,0.0,1.205223880597015,0.9320743819336258,0.6111111111111112,0.06666666666666667,0.0,2158.9285714285716,0,0,15.168186592056404,4.056603773584905,1.4047619047619047,118,83
89.0,89,30.425653,0.0,0.0,0.0,1.3059701492537314,0.9188064173858684,0.3854748603351955,0.09497206703910614,0.0,2336.9565217391305,0,0,14.256701799782045,3.795918367346939,1.5217391304347827,105,68
89.0,89,46.567857,0.0,0.0,0.0,1.4328358208955223,0.9055022235221563,0.30223880597014924,0.06343283582089553,0.0,2345.6521739130435,0,0,14.498318420675968,3.913978494623656,1.565217391304348,108,68
89.0,89,70.730475,0.0,0.0,0.0,1.3582089552238805,0.9145025310592116,0.21008403361344538,0.05042016806722689,0.0,2111.194029850746,0,0,15.05927500664328,4.031578947368421,1.328358208955224,89,66
89.0,89,79.591816,0.0,0.0,0.0,1.3805970149253732,0.9191150790299021,0.13228699551569506,0.04035874439461883,0.0,2473.728813559322,0,0,13.662560811915954,3.5697674418604652,1.6610169491525424,98,58
