#{"t_start": 1723638288.968663, "env_id": "PhyRMSA-v0"}
r,l,t,episode_service_blocking_rate,service_blocking_rate,episode_bit_rate_blocking_rate,number_cuts_total,rss_total_metric,C_BVTs,L_BVTs,S_BVTs,total_path_length,num_moves,num_defrag_cycle,avrage_gsnr,average_mod_level,average_path_index,path_index,physical_paths
89.0,89,9.346128,0.0,0.0,0.0,1.2313432835820894,0.9260044546159538,0.6222222222222222,0.05555555555555555,0.0,2146.4285714285716,0,0,15.197295631244925,4.056603773584905,1.380952380952381,116,83
89.0,89,19.918304,0.0,0.0,0.0,1.3395522388059702,0.9171086058364394,0.39664804469273746,0.08379888268156424,0.0,2371.7391304347825,0,0,14.264379320875324,3.795918367346939,1.5072463768115942,104,68
89.0,89,28.560661,0.0,0.0,0.0,1.4514925373134329,0.9077724263301381,0.2947761194029851,0.0708955223880597,0.0,2358.695652173913,0,0,14.539225057699102,3.913978494623656,1.6231884057971016,112,68
89.0,89,35.865913,0.0,0.0,0.0,1.3805970149253732,0.9134298889811239,0.21288515406162464,0.047619047619047616,0.0,2108.955223880597,0,0,15.140255174796065,4.010526315789473,1.4179104477611941,95,66
89.0,89,44.26323,0.0,0.0,0.0,1.3208955223880596,0.9190681414790671,0.14349775784753363,0.02914798206278027,0.0,2364.406779661017,0,0,13.798236895674481,3.558139534883721,1.5254237288135593,90,58
