#{"t_start": 1723638286.209722, "env_id": "PhyRMSA-v0"}
r,l,t,episode_service_blocking_rate,service_blocking_rate,episode_bit_rate_blocking_rate,number_cuts_total,rss_total_metric,C_BVTs,L_BVTs,S_BVTs,total_path_length,num_moves,num_defrag_cycle,avrage_gsnr,average_mod_level,average_path_index,path_index,physical_paths
89.0,89,2.893291,0.0,0.0,0.0,1.3208955223880596,0.9234135021803712,0.6666666666666666,0.011111111111111112,0.0,2005.357142857143,0,0,15.32390549376984,4.056603773584905,1.0476190476190477,88,83
89.0,89,5.81364,0.0,0.0,0.0,1.5335820895522387,0.896211488127126,0.4581005586592179,0.0223463687150838,0.0,2210.8695652173915,0,0,14.341093238212554,3.795918367346939,1.0434782608695652,72,68
89.0,89,9.181765,0.0,0.0,0.0,1.708955223880597,0.8826688417928814,0.35447761194029853,0.011194029850746268,0.0,2100.0,0,0,14.791280938326228,3.913978494623656,1.0724637681159421,74,68
89.0,89,13.416471,0.0,0.0,0.0,1.5186567164179106,0.902490863609996,0.2549019607843137,0.0056022408963585435,0.0,2014.9253731343283,0,0,15.19204807557375,4.031578947368421,1.044776119402985,70,66
89.0,89,18.123068,0.0,0.0,0.0,1.414179104477612,0.90945706220186,0.1681614349775785,0.004484304932735426,0.0,2227.1186440677966,0,0,13.886110850763306,3.5697674418604652,0.9830508474576272,58,58
