#{"t_start": 1712236982.160962, "env_id": "PhyRMSA-v0"}
r,l,t,episode_service_blocking_rate,service_blocking_rate,episode_bit_rate_blocking_rate,number_cuts_total,rss_total_metric,C_BVTs,L_BVTs,S_BVTs,total_path_length,num_moves,num_defrag_cycle,avrage_gsnr,average_mod_level
204.0,204,8.789757,0.0,0.0,0.0,1.6567164179104477,0.8576457385064582,0.7268292682926829,0.0,0.0,981.5935483870968,0,0,20.33103516994512,5.746913580246914
204.0,204,21.911463,0.0,0.0,0.0,2.205223880597015,0.7924325863826309,0.6063569682151589,0.009779951100244499,0.0,971.765625,0,0,19.97769466503729,5.641791044776119
204.0,204,37.073773,0.0,0.0,0.0,2.451492537313433,0.7531562236889463,0.466557911908646,0.05872756933115824,0.0,892.801724137931,0,0,19.968471406426147,5.548387096774194
204.0,204,67.511691,0.0,0.0,0.0,2.6828358208955225,0.7222823229624856,0.38310893512851896,0.07221542227662178,0.0,951.4434782608696,0,0,19.64132391268661,5.512195121951219
204.0,204,83.381622,0.0,0.0,0.0,2.8507462686567164,0.6981696107078218,0.31733594515181196,0.07933398628795299,0.0,976.1743119266055,0,0,19.753119056263994,5.428571428571429
204.0,204,103.306089,0.0,0.0,0.0,3.3470149253731343,0.6437080692246939,0.27755102040816326,0.09795918367346938,0.008979591836734694,1055.6454545454546,0,0,18.243742377026106,5.036764705882353
204.0,204,121.063242,0.0,0.0,0.0,3.4141791044776117,0.6282464940329954,0.2491252624212736,0.09307207837648705,0.02239328201539538,983.6355932203389,0,0,18.754260157964566,5.115107913669065
