#{"t_start": 1712744664.328864, "env_id": "PhyRMSA-v0"}
r,l,t,episode_service_blocking_rate,service_blocking_rate,episode_bit_rate_blocking_rate,number_cuts_total,rss_total_metric,C_BVTs,L_BVTs,S_BVTs,total_path_length,num_moves,num_defrag_cycle,avrage_gsnr,average_mod_level
206.0,206,13.660963,0.0,0.0,0.0,1.9291044776119404,0.8289636786574264,0.782608695652174,0.0,0.0,917.6496815286624,0,0,19.870083684580194,5.440677966101695
206.0,206,25.763664,0.0,0.0,0.0,2.5,0.7595652380767189,0.576271186440678,0.0774818401937046,0.0,895.5,0,0,19.58974318663263,5.380281690140845
206.0,206,37.171554,0.0,0.0,0.0,2.91044776119403,0.7043264086322816,0.43295638126009695,0.12116316639741519,0.0,864.2053571428571,0,0,19.28791204971253,5.213740458015267
206.0,206,48.437912,0.0,0.0,0.0,3.220149253731343,0.6658198630891761,0.343030303030303,0.11515151515151516,0.0036363636363636364,910.9727272727273,0,0,18.75048648272127,5.1171875
206.0,206,59.496096,0.0,0.0,0.0,3.5111940298507465,0.627544702622545,0.29000969932104753,0.09699321047526673,0.029097963142580018,909.9115044247787,0,0,18.36679418746579,4.902985074626866
206.0,206,70.141858,0.0,0.0,0.0,4.272388059701493,0.5406165111496619,0.253839935327405,0.09862570735650768,0.06952303961196443,1017.8813559322034,0,0,16.290666820659116,4.3128834355828225
206.0,206,81.726337,0.0,0.0,0.0,4.507462686567164,0.5133513945662034,0.2259182259182259,0.088011088011088,0.10117810117810118,950.2857142857143,0,0,16.29480541714371,4.232704402515723
