#{"t_start": 1720188101.222979, "env_id": "PhyRMSA-v0"}
r,l,t,episode_service_blocking_rate,service_blocking_rate,episode_bit_rate_blocking_rate,number_cuts_total,rss_total_metric,C_BVTs,L_BVTs,S_BVTs,total_path_length
581.0,999,4.804151,0.4184184184184184,0.4184184184184184,0.4732225300092336,3.1333333333333333,0.48821709090744086,0.20103092783505155,0.15292096219931273,0.25945017182130586,1864.6341463414635
