#{"t_start": 1720188093.142059, "env_id": "PhyRMSA-v0"}
r,l,t,episode_service_blocking_rate,service_blocking_rate,episode_bit_rate_blocking_rate,number_cuts_total,rss_total_metric,C_BVTs,L_BVTs,S_BVTs,total_path_length
575.0,999,3.639664,0.4244244244244244,0.4244244244244244,0.4721452754693752,3.2333333333333334,0.4207115204950435,0.2326388888888889,0.1388888888888889,0.21006944444444445,1854.4715447154472
