#{"t_start": 1723473022.488587, "env_id": "PhyRMSA-v0"}
r,l,t,episode_service_blocking_rate,service_blocking_rate,episode_bit_rate_blocking_rate,number_cuts_total,rss_total_metric,C_BVTs,L_BVTs,S_BVTs,total_path_length,avrage_gsnr,average_mod_level
560.0,999,5.97327,0.4394394394394394,0.4394394394394394,0.4863034779932287,2.033333333333333,0.5197767983408871,0.16399286987522282,0.0962566844919786,0.15151515151515152,774.4458598726114,21.374106310973332,5.814241486068111
