#{"t_start": 1720188195.762872, "env_id": "PhyRMSA-v0"}
r,l,t,episode_service_blocking_rate,service_blocking_rate,episode_bit_rate_blocking_rate,number_cuts_total,rss_total_metric,C_BVTs,L_BVTs,S_BVTs,total_path_length,avrage_gsnr,average_mod_level
996.0,999,6.322677,0.003003003003003003,0.003003003003003003,0.0030778701138811943,3.6333333333333333,0.6654142354503122,0.06018054162487462,0.025075225677031094,0.13440320962888666,2213.663220088626,14.85527078757347,3.9083245521601686
