#{"t_start": 1720188191.3792021, "env_id": "PhyRMSA-v0"}
r,l,t,episode_service_blocking_rate,service_blocking_rate,episode_bit_rate_blocking_rate,number_cuts_total,rss_total_metric,C_BVTs,L_BVTs,S_BVTs,total_path_length
991.0,999,4.376416,0.008008008008008008,0.008008008008008008,0.010464758387196061,4.833333333333333,0.5576448636040473,0.057459677419354836,0.029233870967741934,0.10483870967741936,2087.964338781575
