#{"t_start": 1720188187.850676, "env_id": "PhyRMSA-v0"}
r,l,t,episode_service_blocking_rate,service_blocking_rate,episode_bit_rate_blocking_rate,number_cuts_total,rss_total_metric,C_BVTs,L_BVTs,S_BVTs,total_path_length
988.0,999,3.522805,0.011011011011011011,0.011011011011011011,0.013234841489689135,5.133333333333334,0.5127150419932904,0.055611729019211326,0.0262891809908999,0.13549039433771487,2078.603268945022
