#{"t_start": 1720188150.431392, "env_id": "PhyRMSA-v0"}
r,l,t,episode_service_blocking_rate,service_blocking_rate,episode_bit_rate_blocking_rate,number_cuts_total,rss_total_metric,C_BVTs,L_BVTs,S_BVTs,total_path_length
660.0,999,6.536785,0.33933933933933935,0.33933933933933935,0.39781471221914433,3.1,0.5214436778578962,0.14523449319213314,0.12708018154311648,0.2813918305597579,1939.7163120567375
