#{"t_start": 1720188145.8114922, "env_id": "PhyRMSA-v0"}
r,l,t,episode_service_blocking_rate,service_blocking_rate,episode_bit_rate_blocking_rate,number_cuts_total,rss_total_metric,C_BVTs,L_BVTs,S_BVTs,total_path_length,avrage_gsnr,average_mod_level
676.0,999,4.613769,0.3233233233233233,0.3233233233233233,0.38011695906432746,3.433333333333333,0.4359301524673396,0.16248153618906944,0.12112259970457903,0.2614475627769572,1981.0344827586207,15.867688986387936,4.234119782214156
