#{"t_start": 1720188138.902485, "env_id": "PhyRMSA-v0"}
r,l,t,episode_service_blocking_rate,service_blocking_rate,episode_bit_rate_blocking_rate,number_cuts_total,rss_total_metric,C_BVTs,L_BVTs,S_BVTs,total_path_length
639.0,999,3.376704,0.36036036036036034,0.36036036036036034,0.4075100030778701,3.7333333333333334,0.46172073937981584,0.1875,0.1125,0.2203125,1865.7384987893463
